episode,train_return,success,epsilon
1,-3750.70821684145,0,0.9870485830702689
2,-3771.4893879493784,0,0.9841059649909348
3,-3778.230261001611,0,0.9811721195306079
4,-3801.5932013082333,0,0.9782470205361
5,-3795.5630094190583,0,0.9753306419321917
6,-3736.214100492754,0,0.9724229577213995
7,-3790.467698755469,0,0.9695239419837448
8,-3719.9990533322084,0,0.9666335688765221
9,-3718.676570842257,0,0.963751812634069
10,-3779.3224203191485,0,0.9608786475675364
11,-3703.7323308940945,0,0.9580140480646596
12,-3713.2233888896576,0,0.95515798858953
13,-3756.415539001701,0,0.9523104436823673
14,-3747.7085995659836,0,0.9494713879592926
15,-3726.8500251715845,0,0.9466407961121024
16,-3754.3496635928855,0,0.9438186429080424
17,-3769.9248983663324,0,0.9410049031895832
18,-3710.768043810244,0,0.9381995518741956
19,-3707.215264472032,0,0.9354025639541272
20,-3750.4196432446092,0,0.9326139144961796
21,-3691.3147612981747,0,0.9298335786414857
22,-3689.8770603269927,0,0.9270615316052888
23,-3754.3228876584326,0,0.9242977486767208
24,-3639.609329157975,0,0.9215422052185825
25,-3708.014546965939,0,0.918794876667124
26,-3660.0909941076056,0,0.9160557385318254
27,-3604.506909228525,0,0.9133247663951788
28,-3578.092435373888,0,0.9106019359124702
29,-3680.983891831849,0,0.9078872228115631
30,-3735.6203873551835,0,0.9051806028926817
31,-3686.21410080696,0,0.9024820520281951
32,-3724.274197823244,0,0.8997915461624026
33,-3585.8613173303866,0,0.8971090613113192
34,-3607.6565903930145,0,0.8944345735624611
35,-3731.1666077176583,0,0.8917680590746337
36,-3621.40891973371,0,0.8891094940777182
37,-3689.496409129068,0,0.88645885487246
38,-3689.6316052190623,0,0.8838161178302574
39,-3664.0561550694124,0,0.8811812593929508
40,-3645.7148496685445,0,0.8785542560726133
41,-3590.1684276632423,0,0.8759350844513405
42,-3719.683605866752,0,0.8733237211810423
43,-3651.6123727765457,0,0.8707201429832346
44,-3638.299990867472,0,0.868124326648832
45,-3591.80400713529,0,0.8655362490379402
46,-3680.4124481225676,0,0.8629558870796508
47,-3525.0277541443857,0,0.8603832177718346
48,-3583.243476552372,0,0.8578182181809373
49,-3746.4272120766336,0,0.8552608654417746
50,-3642.137649285189,0,0.8527111367573288
51,-3607.53945016234,0,0.8501690093985451
52,-3655.2925703829715,0,0.8476344607041293
53,-3566.4732851522067,0,0.8451074680803458
54,-3612.9687846941742,0,0.8425880090008159
55,-3651.995936039035,0,0.8400760610063174
56,-3563.18451970351,0,0.8375716017045841
57,-3621.3978491389894,0,0.8350746087701064
58,-3459.2039645389405,0,0.832585059943932
59,-3502.2200265981437,0,0.8301029330334676
60,-3488.001201200964,0,0.8276282059122813
61,-3620.842430170594,0,0.825160856519905
62,-3452.22864556497,0,0.822700862861638
63,-3556.6678124064774,0,0.8202482030083509
64,-3643.887297160349,0,0.8178028550962899
65,-3585.1975433542793,0,0.8153647973268822
66,-3633.2737569772153,0,0.8129340079665414
67,-3514.45684856816,0,0.8105104653464741
68,-3676.855830860354,0,0.8080941478624863
69,-3577.0171143145494,0,0.8056850339747914
70,-3278.07739927934,0,0.8032831022078174
71,-3566.2908026453706,0,0.8008883311500162
72,-3619.803414444502,0,0.7985006994536725
73,-3673.929713117592,0,0.7961201858347132
74,-3440.893579113367,0,0.793746769072518
75,-3626.1482963605386,0,0.7913804280097301
76,-3556.113621768393,0,0.7890211415520677
77,-3389.670979437699,0,0.7866688886681358
78,-3549.1260038910605,0,0.7843236483892388
79,-3475.627250497533,0,0.7819853998091939
80,-3447.966290729548,0,0.779654122084144
81,-3520.042070801833,0,0.7773297944323725
82,-3431.6916938575055,0,0.7750123961341178
83,-3453.014283257135,0,0.7727019065313887
84,-3431.63625474978,0,0.7703983050277804
85,-3536.428431936613,0,0.7681015710882904
86,-3609.9395427670756,0,0.7658116842391357
87,-3343.107006757431,0,0.7635286240675707
88,-3476.6330034468247,0,0.7612523702217047
89,-3580.6242257196614,0,0.7589829024103205
90,-3459.595142303404,0,0.7567202004026939
91,-3345.8418772746572,0,0.7544642440284131
92,-3531.543115939845,0,0.7522150131771986
93,-3314.569824659783,0,0.7499724877987247
94,-3460.5985822835696,0,0.7477366479024401
95,-3371.476023639524,0,0.7455074735573899
96,-3288.550532723783,0,0.743284944892038
97,-3357.639588500971,0,0.7410690420940899
98,-3361.750831288485,0,0.738859745410316
99,-3436.0150174134933,0,0.7366570351463757
100,-3502.585491661129,0,0.7344608916666417
101,-3386.966954219709,0,0.7322712953940252
102,-3442.413258764887,0,0.7300882268098009
103,-3248.073230014923,0,0.7279116664534334
104,-3534.9628636136804,0,0.7257415949224036
105,-3390.9647905691313,0,0.723577992872036
106,-3466.2202649858627,0,0.7214208410153254
107,-3401.148066383037,0,0.7192701201227664
108,-3364.163286472631,0,0.7171258110221804
109,-3307.7076773804715,0,0.7149878945985461
110,-3363.2700070023966,0,0.7128563517938279
111,-3377.982464135895,0,0.710731163606807
112,-3406.4137343908174,0,0.7086123110929113
113,-3486.181250065269,0,0.7064997753640472
114,-3472.9761060785972,0,0.7043935375884303
115,-3405.958055456685,0,0.7022935789904184
116,-3196.663785684571,0,0.7001998808503439
117,-3356.4523498814656,0,0.6981124245043465
118,-3196.4708875325737,0,0.6960311913442073
119,-3375.93596895508,0,0.6939561628171829
120,-3410.741010111403,0,0.6918873204258396
121,-3283.868995287829,0,0.6898246457278889
122,-3310.003627474334,0,0.6877681203360232
123,-3343.8095108925904,0,0.6857177259177514
124,-3246.8007276095923,0,0.6836734441952358
125,-3456.9825305084723,0,0.6816352569451293
126,-3226.6943244498834,0,0.6796031459984126
127,-3332.5270107858437,0,0.6775770932402326
128,-3319.1271480698474,0,0.6755570806097405
129,-3341.5192834917175,0,0.6735430900999311
130,-3422.1149953568424,0,0.6715351037574823
131,-3101.4530864336352,0,0.6695331036825948
132,-3233.1424038876216,0,0.667537072028833
133,-3225.516135589713,0,0.6655469910029652
134,-3434.4783882988986,0,0.6635628428648058
135,-3264.259046512326,0,0.6615846099270566
136,-3263.0022731208105,0,0.6596122745551493
137,-3384.2581224188043,0,0.6576458191670881
138,-3252.5725789402995,0,0.6556852262332935
139,-3487.968781730684,0,0.6537304782764455
140,-3365.1560117880167,0,0.651781557871328
141,-3208.2041481004676,0,0.6498384476446735
142,-3225.484194890274,0,0.6479011302750081
143,-3389.3380458741735,0,0.6459695884924973
144,-3399.3146842772317,0,0.644043805078792
145,-3184.833205138285,0,0.6421237628668748
146,-3159.493780967765,0,0.6402094447409071
147,-3232.5895401406783,0,0.6383008336360767
148,-3319.3142709354247,0,0.6363979125384454
149,-3288.080966669836,0,0.6345006644847974
150,-3191.6896013984474,0,0.6326090725624882
151,-3224.349180280055,0,0.6307231199092939
152,-3240.2663840915557,0,0.6288427897132604
153,-3214.7903189957306,0,0.6269680652125542
154,-3218.0718259063133,0,0.6250989296953127
155,-3246.384419548202,0,0.623235366499495
156,-3251.430111898586,0,0.6213773590127335
157,-3150.4344354730147,0,0.6195248906721862
158,-3277.5109501655866,0,0.6176779449643884
159,-3173.398895649542,0,0.6158365054251062
160,-3097.161799723855,0,0.6140005556391889
161,-3191.8181809216767,0,0.6121700792404234
162,-3182.848162574695,0,0.610345059911388
163,-3244.248905555462,0,0.608525481383307
164,-3220.711132771405,0,0.6067113274359055
165,-3099.8046711148613,0,0.6049025818972651
166,-3081.837718800924,0,0.6030992286436796
167,-3090.3837879552957,0,0.6013012515995112
168,-3231.2338496690422,0,0.5995086347370472
169,-3269.4719109277166,0,0.5977213620763574
170,-3149.094189945776,0,0.5959394176851512
171,-3141.514159292056,0,0.594162785678636
172,-3081.3335808795023,0,0.5923914502193752
173,-3180.874053715092,0,0.5906253955171475
174,-3169.6605794583684,0,0.5888646058288056
175,-3207.9087170047846,0,0.5871090654581363
176,-3027.594817679713,0,0.5853587587557204
177,-3005.6546047161355,0,0.5836136701187931
178,-3318.0055695846117,0,0.581873783991105
179,-3083.565783398636,0,0.5801390848627838
180,-3226.854916106887,0,0.5784095572701952
181,-3113.7300435346224,0,0.5766851857958057
182,-3134.13133505361,0,0.5749659550680453
183,-3106.4821246865863,0,0.5732518497611696
184,-3239.3458506210623,0,0.5715428545951243
185,-3446.838384004655,0,0.5698389543354082
186,-3087.8064600736916,0,0.5681401337929377
187,-3123.245859987385,0,0.5664463778239113
188,-3113.3739687919083,0,0.5647576713296746
189,-2973.9170216920893,0,0.5630739992565857
190,-3159.4373963647204,0,0.5613953465958814
191,-3115.0458741978755,0,0.5597216983835427
192,-3062.181942916937,0,0.5580530397001618
193,-3084.1115182015783,0,0.5563893556708094
194,-3244.5948260788223,0,0.5547306314649013
195,-3182.946118921541,0,0.553076852296067
196,-3121.5687481369555,0,0.5514280034220175
197,-3167.6256580300987,0,0.5497840701444139
198,-3077.602924802067,0,0.5481450378087364
199,-3097.3586807573683,0,0.5465108918041537
200,-3069.9345930252853,0,0.5448816175633928
201,-2976.6299624597173,0,0.5432572005626091
202,-3217.79945184773,0,0.5416376263212567
203,-3216.467701179817,0,0.5400228804019598
204,-2994.4331539382333,0,0.5384129484103835
205,-3111.0915640824705,0,0.5368078159951059
206,-3150.8663949005395,0,0.5352074688474897
207,-3052.5131330573554,0,0.5336118927015553
208,-3111.6700513698065,0,0.5320210733338531
209,-3123.9842764424116,0,0.5304349965633366
210,-3137.049577762517,0,0.5288536482512367
211,-3090.119967323227,0,0.5272770143009349
212,-3220.2103708521367,0,0.525705080657838
213,-3020.6380076024307,0,0.524137833309253
214,-3017.1866345483636,0,0.5225752582842615
215,-3017.029214807674,0,0.5210173416535961
216,-3174.9863555903084,0,0.5194640695295154
217,-3156.5802308634215,0,0.5179154280656806
218,-3057.8318207116754,0,0.5163714034570321
219,-2982.5962880393968,0,0.5148319819396664
220,-3199.251487160221,0,0.5132971497907131
221,-3141.3556023057436,0,0.511766893328213
222,-3032.6914047717246,0,0.5102411989109961
223,-3005.73092087096,0,0.5087200529385595
224,-3052.644537295412,0,0.5072034418509468
225,-3032.469692594415,0,0.5056913521286268
226,-3047.448476669858,0,0.5041837702923733
227,-2998.9826208547943,0,0.5026806829031444
228,-3122.6542274228195,0,0.5011820765619635
229,-3005.8916611068134,0,0.49968793790979904
230,-3079.217431199244,0,0.4981982536274461
231,-3217.8061097037353,0,0.49671301043540717
232,-3052.971304977969,0,0.49523219509377403
233,-3067.727441583142,0,0.4937557944021097
234,-3060.6465743556055,0,0.4922837951993307
235,-2989.483856306079,0,0.49081618436358965
236,-3021.0745031399615,0,0.4893529488121586
237,-3055.3675033185073,0,0.48789407550131203
238,-3017.91925371871,0,0.4864395514262109
239,-3054.26711498606,0,0.48498936362078654
240,-3014.4972576273976,0,0.483543499157625
241,-3152.189373259931,0,0.48210194514785204
242,-3080.0827157260346,0,0.48066468874101803
243,-3018.4419909308344,0,0.47923171712498347
244,-3001.218067602175,0,0.4778030175258049
245,-2943.5868041493486,0,0.4763785772076208
246,-3032.612275676636,0,0.47495838347253816
247,-3062.358797032578,0,0.4735424236605194
248,-3099.626685541888,0,0.4721306851492693
249,-3078.256645570251,0,0.47072315535412274
250,-3001.1812768194636,0,0.4693198217279322
251,-3090.217520268326,0,0.4679206717609562
252,-2963.312912087318,0,0.46652569298074764
253,-3061.3468711643964,0,0.46513487295204264
254,-3065.2131708572088,0,0.46374819927664973
255,-3176.14291321021,0,0.4623656595933392
256,-2956.975328033843,0,0.460987241577733
257,-2982.217985873522,0,0.4596129329421951
258,-3003.8215011835337,0,0.45824272143572137
259,-3035.289359591079,0,0.456876594843831
260,-3102.1185807634656,0,0.45551454098845723
261,-3086.2943737886158,0,0.454156547727839
262,-2953.212469218696,0,0.4528026029564125
263,-3116.0350042809087,0,0.45145269460470355
264,-3093.834141761343,0,0.45010681063921965
265,-2977.9501793941436,0,0.448764939062343
266,-2994.9062737710224,0,0.4474270679122234
267,-2943.2398476583603,0,0.4460931852626718
268,-2975.643202992546,0,0.44476327922305364
269,-3211.796222883157,0,0.4434373379381833
270,-3017.9722884264756,0,0.44211534958821797
271,-3092.405274840943,0,0.44079730238855264
272,-3081.3487733059565,0,0.43948318458971486
273,-3066.4258534058863,0,0.43817298447726005
274,-2957.0026971900397,0,0.4368666903716671
275,-2926.5014637795507,0,0.4355642906282342
276,-3219.015328127298,0,0.4342657736369751
277,-2902.6185890099414,0,0.43297112782251557
278,-3091.7957289237493,0,0.43168034164399016
279,-2985.2790043536074,0,0.43039340359493944
280,-2968.474540125825,0,0.4291103022032074
281,-3026.6235915668594,0,0.4278310260308391
282,-2874.6623933936944,0,0.42655556367397884
283,-2948.3852298663323,0,0.42528390376276837
284,-2922.144226163263,0,0.42401603496124557
285,-2885.9305606075523,0,0.42275194596724347
286,-2957.5059856307553,0,0.4214916255122894
287,-3061.0685258236513,0,0.4202350623615047
288,-3026.2795687943535,0,0.4189822453135043
289,-3011.963103075661,0,0.4177331632002972
290,-3047.596905386674,0,0.41648780488718656
291,-3014.362285130513,0,0.4152461592726708
292,-3029.934475491979,0,0.4140082152883443
293,-2942.36983147936,0,0.41277396189879906
294,-3054.7780516623347,0,0.411543388101526
295,-3035.239336601973,0,0.41031648292681716
296,-2958.219966833787,0,0.40909323543766773
297,-2897.5507472966824,0,0.40787363472967864
298,-2987.263292662442,0,0.4066576699309593
299,-3077.4930027219575,0,0.4054453302020308
300,-3067.4783134873965,0,0.40423660473572903
301,-3127.798958396574,0,0.40303148275710876
302,-2994.471859983173,0,0.40182995352334716
303,-3131.644420625445,0,0.40063200632364826
304,-2899.314384617468,0,0.3994376304791475
305,-2897.451871199115,0,0.3982468153428163
306,-2874.406652822048,0,0.3970595502993675
307,-3050.1958543930664,0,0.3958758247651605
308,-3077.8557895126637,0,0.3946956281881068
309,-2979.316572392672,0,0.3935189500475762
310,-3003.8770438578895,0,0.392345779854303
311,-2935.25783760322,0,0.39117610715029233
312,-2983.191725644965,0,0.390009921508727
313,-2921.108810360118,0,0.3888472125338745
314,-2995.650104677333,0,0.38768796986099446
315,-2979.7738382985494,0,0.38653218315624616
316,-2936.3651046605037,0,0.38537984211659637
317,-2889.9877415084684,0,0.38423093646972767
318,-2913.5665749297536,0,0.38308545597394666
319,-2994.349902799452,0,0.38194339041809283
320,-2975.736608090467,0,0.3808047296214475
321,-3088.1550329969964,0,0.37966946343364305
322,-3094.8229285832226,0,0.37853758173457236
323,-2917.2784686198875,0,0.3774090744342987
324,-2940.58811845954,0,0.37628393147296585
325,-2858.078055155192,0,0.37516214282070814
326,-2938.026473670657,0,0.3740436984775614
327,-2933.1273872845404,0,0.3729285884733736
328,-2928.0956561179974,0,0.371816802867716
329,-2890.849192595521,0,0.3707083317497945
330,-2924.624597258452,0,0.36960316523836145
331,-3054.9474651999103,0,0.3685012934816274
332,-2896.917414512968,0,0.3674027066571734
333,-2905.6233415208776,0,0.36630739497186326
334,-3016.6482201092454,0,0.36521534866175653
335,-2949.0867944976926,0,0.3641265579920212
336,-2888.70059375468,0,0.36304101325684707
337,-2959.4453326798466,0,0.36195870477935915
338,-2978.8716834258,0,0.36087962291153153
339,-2903.752524151562,0,0.35980375803410114
340,-3078.2853566420245,0,0.3587311005564822
341,-2896.623068103583,0,0.35766164091668073
342,-2935.2205937508334,0,0.3565953695812091
343,-2878.3165075997395,0,0.3555322770450013
344,-2927.9120005886593,0,0.3544723538313281
345,-2881.8761951771703,0,0.3534155904917125
346,-2885.272673249834,0,0.35236197760584564
347,-3043.797063764947,0,0.3513115057815028
348,-3005.8878235589077,0,0.35026416565445945
349,-2902.0955791921724,0,0.3492199478884082
350,-3020.369405956659,0,0.3481788431748752
351,-2913.068380180734,0,0.3471408422331373
352,-2895.0198974293203,0,0.3461059358101393
353,-2940.4094048619345,0,0.34507411468041155
354,-2835.7446128189213,0,0.34404536964598753
355,-3021.5800609282314,0,0.3430196915363221
356,-2917.9674750985246,0,0.34199707120820955
357,-2840.8144081810497,0,0.3409774995457021
358,-2947.335630583637,0,0.3399609674600288
359,-2836.324068530019,0,0.33894746588951435
360,-3017.4744341364976,0,0.33793698579949843
361,-2947.7118508838385,0,0.33692951818225503
362,-2871.548404333422,0,0.3359250540569123
363,-2917.8461431591995,0,0.3349235844693725
364,-2935.915323683868,0,0.33392510049223195
365,-3004.6044623371595,0,0.3329295932247017
366,-3024.496693479316,0,0.3319370537925281
367,-2896.941400403042,0,0.3309474733479136
368,-2960.4097005467006,0,0.32996084306943807
369,-3055.6812997972156,0,0.32897715416198
370,-2880.860461477182,0,0.32799639785663814
371,-2922.263379283004,0,0.3270185654106534
372,-2916.399497592426,0,0.3260436481073308
373,-3007.6380674214593,0,0.32507163725596183
374,-2933.0082767123477,0,0.324102524191747
375,-2867.580635269444,0,0.3231363002757186
376,-2789.6482855893255,0,0.32217295689466363
377,-2956.159799470791,0,0.321212485461047
378,-2857.695945216641,0,0.3202548774129352
379,-2796.5674898851157,0,0.3193001242139195
380,-2938.3990766052298,0,0.3183482173530405
381,-2871.14628541245,0,0.31739914834471167
382,-3003.325689547935,0,0.3164529087286442
383,-2934.044905562008,0,0.3155094900697711
384,-2818.910252106621,0,0.31456888395817234
385,-2843.6437675386333,0,0.3136310820089998
386,-2874.9393515374522,0,0.31269607586240256
387,-3006.511952685143,0,0.3117638571834523
388,-2921.255480330246,0,0.31083441766206893
389,-3083.2067168879876,0,0.30990774901294676
390,-2912.0519394311677,0,0.3089838429754804
391,-2916.4916186049654,0,0.3080626913136913
392,-2925.0553066850857,0,0.30714428581615416
393,-2864.0636241467287,0,0.3062286182959239
394,-2907.7696638478164,0,0.30531568059046255
395,-2906.327848026005,0,0.30440546456156653
396,-2856.803837721138,0,0.3034979620952941
397,-2780.7148157328293,0,0.30259316510189316
398,-2973.974273819059,0,0.30169106551572883
399,-2804.047627608881,0,0.3007916552952119
400,-2826.241145796428,0,0.2998949264227269
401,-2821.579224161336,0,0.29900087090456073
402,-2945.3043732484966,0,0.2981094807708314
403,-2899.0445215601944,0,0.2972207480754168
404,-2857.5644789302232,0,0.29633466489588434
405,-2939.5082166317898,0,0.2954512233334198
406,-2849.182134629175,0,0.29457041551275714
407,-2849.2842991492594,0,0.2936922335821084
408,-2860.901660952004,0,0.29281666971309345
409,-2937.927736940916,0,0.2919437161006705
410,-2862.6486014507577,0,0.2910733649630663
411,-2817.4936898982337,0,0.2902056085417069
412,-2926.362040052543,0,0.2893404391011484
413,-2840.290087257102,0,0.288477848929008
414,-2936.729224128704,0,0.2876178303358954
415,-2893.2062321127237,0,0.28676037565534396
416,-2778.962389801004,0,0.2859054772437427
417,-2997.7067805162087,0,0.2850531274802679
418,-2925.527403158424,0,0.2842033187668153
419,-2964.1313728755626,0,0.2833560435279323
420,-2811.09378465995,0,0.2825112942107505
421,-2931.0209750274093,0,0.2816690632849183
422,-2777.7084788201164,0,0.28082934324253384
423,-2845.7035223004445,0,0.279992126598078
424,-2914.661955918278,0,0.2791574058883477
425,-2806.4870274006994,0,0.2783251736723894
426,-2882.111110130519,0,0.2774954225314328
427,-2827.980423570669,0,0.27666814506882453
428,-2953.8693174932746,0,0.27584333390996246
429,-3031.1301192038013,0,0.27502098170222977
430,-2862.1124063497477,0,0.2742010811149295
431,-2747.1656103450264,0,0.27338362483921924
432,-2815.383356568691,0,0.27256860558804574
433,-2873.8063197760694,0,0.2717560160960803
434,-2893.7123963493095,0,0.27094584911965375
435,-2859.9620185321514,0,0.270138097436692
436,-2824.987894934989,0,0.26933275384665156
437,-2840.51715487716,0,0.2685298111704555
438,-2810.7762163849125,0,0.26772926225042926
439,-2860.0575456819615,0,0.266931099950237
440,-2793.08373388406,0,0.2661353171548179
441,-2867.6889365415427,0,0.2653419067703229
442,-2819.062402078923,0,0.26455086172405107
443,-2833.5418924857354,0,0.2637621749643871
444,-2821.0727137502436,0,0.262975839460738
445,-2884.1497762990953,0,0.26219184820347063
446,-2830.481852571439,0,0.2614101942038492
447,-2886.3510879455544,0,0.2606308704939729
448,-2759.635097216529,0,0.2598538701267138
449,-2854.531278709819,0,0.25907918617565506
450,-2846.2340966294832,0,0.258306811735029
451,-2899.0017928827488,0,0.25753673991965564
452,-2904.068609837617,0,0.25676896386488124
453,-2982.8416130130754,0,0.25600347672651724
454,-2927.335261162547,0,0.2552402716807792
455,-2856.5499349642328,0,0.25447934192422583
456,-2810.375128024288,0,0.2537206806736986
457,-2795.020282502607,0,0.2529642811662609
458,-2811.8030647247215,0,0.25221013665913833
459,-2794.776942805366,0,0.2514582404296579
460,-2863.9170344125664,0,0.25070858577518873
461,-2846.7748915126335,0,0.24996116601308183
462,-2790.127687677901,0,0.24921597448061078
463,-2851.2005054660135,0,0.24847300453491228
464,-2816.371093817194,0,0.24773224955292691
465,-2784.8792764449804,0,0.24699370293134015
466,-2843.5145804272215,0,0.24625735808652344
467,-2788.7679031003636,0,0.24552320845447553
468,-2868.94323436977,0,0.24479124749076397
469,-2779.1126377627033,0,0.24406146867046674
470,-2786.5346414180576,0,0.24333386548811414
471,-2972.6223082869187,0,0.24260843145763078
472,-2744.487738875359,0,0.24188516011227768
473,-2782.532846751709,0,0.24116404500459473
474,-2798.475739646509,0,0.2404450797063432
475,-2827.333896437345,0,0.23972825780844842
476,-2742.379392561793,0,0.23901357292094255
477,-2745.3232345373995,0,0.23830101867290782
478,-3036.3967686811066,0,0.23759058871241953
479,-2799.8269137665898,0,0.23688227670648962
480,-2816.1195188539564,0,0.23617607634101004
481,-2807.796585318086,0,0.23547198132069658
482,-2790.7366947559094,0,0.2347699853690327
483,-2789.3585516659955,0,0.23407008222821363
484,-2790.203808377541,0,0.23337226565909047
485,-2829.852286193465,0,0.23267652944111475
486,-2807.732386280361,0,0.23198286737228282
487,-2756.7316827326517,0,0.23129127326908067
488,-2822.2253974883547,0,0.23060174096642871
489,-2779.4702119952794,0,0.2299142643176269
490,-2804.4364371352312,0,0.2292288371942999
491,-2796.330583709503,0,0.22854545348634248
492,-2797.4442271519897,0,0.22786410710186503
493,-2832.6846330207763,0,0.22718479196713925
494,-2789.422869830048,0,0.22650750202654404
495,-2820.5053911943037,0,0.22583223124251148
496,-2820.6277079481897,0,0.225158973595473
497,-2799.9435830469997,0,0.22448772308380574
498,-2796.0046237148704,0,0.22381847372377914
499,-2736.614509704697,0,0.2231512195495014
500,-2968.1052510228974,0,0.2224859546128665
501,-2933.3632156948497,0,0.22182267298350103
502,-2798.6263979713895,0,0.22116136874871142
503,-2825.8504493342734,0,0.22050203601343116
504,-2827.0306668078865,0,0.2198446689001683
505,-2775.5462287590535,0,0.21918926154895305
506,-2757.8814558302156,0,0.2185358081172855
507,-3067.329981688214,0,0.21788430278008367
508,-2844.6350515216845,0,0.21723473972963134
509,-2841.0105500052423,0,0.2165871131755265
510,-2795.679425533455,0,0.21594141734462968
511,-2752.8923393002656,0,0.21529764648101243
512,-2778.0952009083717,0,0.21465579484590605
513,-2785.6682684381317,0,0.2140158567176504
514,-2792.2335511016186,0,0.21337782639164293
515,-2764.751962368133,0,0.21274169818028785
516,-2772.8160120451053,0,0.21210746641294537
517,-2759.044750820466,0,0.21147512543588118
518,-2798.5727094970293,0,0.21084466961221604
519,-2828.4849089060444,0,0.21021609332187557
520,-2773.02526262237,0,0.20958939096154008
521,-2752.0054225022136,0,0.2089645569445947
522,-2788.54391492651,0,0.2083415857010795
523,-2721.8292743371917,0,0.2077204716776399
524,-2902.3262216816897,0,0.20710120933747717
525,-2757.3121442707757,0,0.20648379316029897
526,-2733.41107974506,0,0.20586821764227026
527,-2771.830413699728,0,0.20525447729596422
528,-2968.7240107140888,0,0.20464256665031327
529,-2863.791209538448,0,0.20403248025056037
530,-2801.874429205495,0,0.2034242126582103
531,-2859.8521901231315,0,0.20281775845098135
532,-2800.325249962317,0,0.20221311222275676
533,-2816.818064972052,0,0.2016102685835367
534,-2772.9078807922288,0,0.20100922215939013
535,-2863.0501219939974,0,0.20040996759240698
536,-2749.76353554998,0,0.1998124995406503
537,-2837.6035906654247,0,0.19921681267810873
538,-2805.9043347454735,0,0.19862290169464888
539,-2810.867630450989,0,0.19803076129596817
540,-2702.482568202698,0,0.19744038620354748
541,-2897.83354883175,0,0.19685177115460425
542,-2715.8617491476753,0,0.1962649109020454
543,-2787.2849111688456,0,0.1956798002144207
544,-2847.16912180592,0,0.195096433875876
545,-2740.287910192468,0,0.19451480668610688
546,-2799.9352696719693,0,0.19393491346031216
547,-2841.9851348611974,0,0.19335674902914782
548,-2811.1986059955225,0,0.19278030823868075
549,-2776.4219484007476,0,0.19220558595034296
550,-2782.7320806652806,0,0.19163257704088565
551,-2723.3294622796175,0,0.19106127640233367
552,-2765.981999992683,0,0.19049167894193983
553,-2698.154418550848,0,0.18992377958213968
554,-2817.9566458505387,0,0.1893575732605061
555,-2760.002827522108,0,0.18879305492970422
556,-2690.65586506865,0,0.18823021955744645
557,-2814.972678774799,0,0.1876690621264476
558,-2789.345262808675,0,0.18710957763438016
559,-2803.433599136611,0,0.1865517610938297
560,-2729.102900544439,0,0.18599560753225042
561,-2887.084857255993,0,0.18544111199192082
562,-2839.777932652711,0,0.18488826952989948
563,-2692.084884361421,0,0.18433707521798107
564,-2941.0287048439263,0,0.18378752414265231
565,-2814.387992453136,0,0.18323961140504827
566,-2714.251440997866,0,0.18269333212090866
567,-2796.577639935051,0,0.18214868142053428
568,-2806.4516726891156,0,0.1816056544487436
569,-2743.785495136973,0,0.18106424636482954
570,-2777.008110756249,0,0.18052445234251624
571,-2773.900997235596,0,0.1799862675699161
572,-2721.06691725541,0,0.17944968724948682
573,-2723.6032176800913,0,0.17891470659798875
574,-2802.3300838107953,0,0.1783813208464421
575,-2771.007080408665,0,0.17784952524008452
576,-2715.5536884304865,0,0.17731931503832873
577,-2733.526919618683,0,0.17679068551472019
578,-2843.493731270064,0,0.176263631956895
579,-2766.727173400742,0,0.17573814966653797
580,-2709.157238756655,0,0.17521423395934055
581,-2754.2275933570136,0,0.17469188016495926
582,-2836.3966117709033,0,0.17417108362697398
583,-2740.285044103473,0,0.17365183970284642
584,-2773.6281064371124,0,0.1731341437638788
585,-2777.579148670859,0,0.17261799119517254
586,-2771.952368693146,0,0.17210337739558706
587,-2729.462695165307,0,0.17159029777769894
588,-2718.1303274422853,0,0.17107874776776086
589,-2841.979250387621,0,0.17056872280566088
590,-2724.513405331419,0,0.17006021834488183
591,-2766.1735043704543,0,0.16955322985246077
592,-2748.1345251935772,0,0.1690477528089485
593,-2700.631541124972,0,0.16854378270836937
594,-2705.1329302975355,0,0.16804131505818107
595,-2780.800384245455,0,0.1675403453792346
596,-2758.303926476977,0,0.16704086920573433
597,-2699.683247344338,0,0.16654288208519816
598,-2788.1651045151707,0,0.1660463795784179
599,-2745.954673750765,0,0.1655513572594196
600,-2769.08076039556,0,0.16505781071542422
601,-2785.4749587383862,0,0.1645657355468082
602,-2773.8371704184206,0,0.16407512736706426
603,-2693.598656008187,0,0.1635859818027623
604,-2808.507264688735,0,0.1630982944935104
605,-2737.9743900229464,0,0.16261206109191603
606,-2682.476093815072,0,0.1621272772635472
607,-2743.814597938198,0,0.1616439386868938
608,-2784.029644283868,0,0.16116204105332924
609,-2802.234718554853,0,0.16068158006707184
610,-2746.2037169162936,0,0.16020255144514667
611,-2906.584510877182,0,0.15972495091734734
612,-2791.5608942354625,0,0.1592487742261979
613,-2755.3945345272236,0,0.15877401712691494
614,-2765.9334033881073,0,0.1583006753873697
615,-2783.193474101627,0,0.15782874478805034
616,-2732.3104054457845,0,0.1573582211220244
617,-2720.552964617444,0,0.15688910019490127
618,-2758.5634569852164,0,0.15642137782479468
619,-2769.2406658063496,0,0.15595504984228561
620,-2719.032871151926,0,0.15549011209038502
621,-2719.029746415502,0,0.15502656042449678
622,-2750.9347679760845,0,0.15456439071238076
623,-2693.926900350306,0,0.154103598834116
624,-2682.56388542755,0,0.15364418068206398
625,-2890.115209438214,0,0.15318613216083193
626,-2727.0612201647473,0,0.15272944918723647
627,-2734.248452150042,0,0.15227412769026705
628,-2728.6008086003967,0,0.15182016361104977
629,-2723.0079284356275,0,0.15136755290281118
630,-2705.8855373655297,0,0.15091629153084216
631,-2727.050125074798,0,0.15046637547246197
632,-2729.0760354312297,0,0.15001780071698248
633,-2750.3849606567733,0,0.14957056326567225
634,-2774.7272782058308,0,0.14912465913172102
635,-2790.7341643996733,0,0.1486800843402041
636,-2691.720306524189,0,0.148236834928047
637,-2734.948449841661,0,0.14779490694399006
638,-2710.748881010162,0,0.14735429644855316
639,-2687.5055494075586,0,0.14691499951400075
640,-2716.7767945006203,0,0.14647701222430676
641,-2746.0639666017,0,0.14604033067511962
642,-2737.409721830352,0,0.1456049509737276
643,-2831.0464050661803,0,0.14517086923902403
644,-2745.6100184568922,0,0.14473808160147267
645,-2742.3539978571307,0,0.14430658420307327
646,-2753.9431812856724,0,0.14387637319732718
647,-2759.307601734612,0,0.14344744474920304
648,-2702.3947191340253,0,0.14301979503510256
649,-2740.3722230437697,0,0.14259342024282654
650,-2766.499304054558,0,0.14216831657154072
651,-2783.440126045023,0,0.1417444802317421
652,-2717.788617272379,0,0.14132190744522502
653,-2756.585260054706,0,0.14090059444504752
654,-2688.6384518921354,0,0.1404805374754977
655,-2637.8759691776268,0,0.1400617327920604
656,-2710.9711435964687,0,0.13964417666138368
657,-2740.77697445991,0,0.1392278653612455
658,-2743.9499596467,0,0.13881279518052075
659,-2697.93989215847,0,0.13839896241914793
660,-2741.3878863901095,0,0.1379863633880963
661,-2825.2319635070116,0,0.13757499440933302
662,-2753.475279647877,0,0.13716485181579022
663,-2668.1495168785686,0,0.13675593195133245
664,-2770.3469331458095,0,0.13634823117072406
665,-2835.6374498590044,0,0.13594174583959662
666,-2707.8087210649273,0,0.13553647233441662
667,-2685.885476959731,0,0.13513240704245316
668,-2751.366257295516,0,0.13472954636174567
669,-2719.357013659666,0,0.13432788670107187
670,-2729.4964554155877,0,0.13392742447991576
671,-2718.9320017079003,0,0.13352815612843566
672,-2682.90782908879,0,0.13313007808743238
673,-2688.6718883714884,0,0.13273318680831755
674,-2738.1751909229506,0,0.13233747875308197
675,-2734.532622789598,0,0.131942950394264
676,-2774.146489433094,0,0.13154959821491824
677,-2689.292645250747,0,0.13115741870858405
678,-2749.613804586363,0,0.1307664083792544
679,-2764.058979805926,0,0.13037656374134465
680,-2712.744143951745,0,0.12998788131966144
681,-2690.039593568867,0,0.1296003576493718
682,-2721.916804154096,0,0.12921398927597225
683,-2714.765074093185,0,0.1288287727552579
684,-2708.653978436418,0,0.12844470465329189
685,-2675.110969490071,0,0.12806178154637468
686,-2738.432858030168,0,0.12768000002101357
687,-2723.167820179517,0,0.12729935667389225
688,-2706.449540974707,0,0.1269198481118405
689,-2724.0359747014054,0,0.12654147095180396
690,-2761.7379322901284,0,0.12616422182081383
691,-2703.4494414337073,0,0.12578809735595695
692,-2786.5825102998087,0,0.1254130942043458
693,-2789.3469197570494,0,0.12503920902308854
694,-2699.151047134935,0,0.12466643847925932
695,-2673.9931643269565,0,0.12429477924986844
696,-2669.540507055973,0,0.12392422802183282
697,-2752.274360944653,0,0.12355478149194646
698,-2673.087926368512,0,0.12318643636685093
699,-2706.2388345615063,0,0.12281918936300612
700,-2783.336507560459,0,0.12245303720666084
701,-2704.5342452209547,0,0.12208797663382373
702,-2811.824864530916,0,0.12172400439023415
703,-2728.560772544647,0,0.12136111723133314
704,-2743.5503304809436,0,0.12099931192223451
705,-2686.033228745007,0,0.12063858523769602
706,-2681.7045778237657,0,0.12027893396209062
707,-2741.2923328498828,0,0.11992035488937776
708,-2764.630070330891,0,0.11956284482307486
709,-2669.3383001008588,0,0.11920640057622876
710,-2694.6807201597867,0,0.11885101897138735
711,-2732.5038332577,0,0.11849669684057124
712,-2690.8986686628396,0,0.1181434310252455
713,-2712.9779016841785,0,0.11779121837629151
714,-2670.9484809459004,0,0.11744005575397895
715,-2751.088825345775,0,0.11708994002793767
716,-2729.205311379515,0,0.11674086807712994
717,-2740.3658090003223,0,0.11639283678982251
718,-2690.1706257387177,0,0.11604584306355896
719,-2710.1339850524655,0,0.11569988380513198
720,-2681.500960291144,0,0.11535495593055582
721,-2673.1177246158272,0,0.11501105636503882
722,-2658.6902723339676,0,0.11466818204295595
723,-2769.8648048027844,0,0.11432632990782153
724,-2660.3272758228445,0,0.11398549691226197
725,-2727.6130221954904,0,0.11364568001798857
726,-2680.5629940556155,0,0.11330687619577048
727,-2649.0144976963234,0,0.11296908242540771
728,-2697.4143275483416,0,0.11263229569570413
729,-2783.826280564564,0,0.11229651300444071
730,-2941.31535935467,0,0.1119617313583487
731,-2648.4320947111305,0,0.111627947773083
732,-2730.117350260215,0,0.11129515927319551
733,-2664.0523462517813,0,0.1109633628921086
734,-2804.6137292123253,0,0.11063255567208874
735,-2732.7509482434707,0,0.11030273466422003
736,-2692.350953076,0,0.10997389692837799
737,-2708.843339433523,0,0.10964603953320332
738,-2724.4691113857684,0,0.10931915955607577
739,-2740.811570457203,0,0.1089932540830881
740,-2949.223948405946,0,0.1086683202090201
741,-2700.467606596351,0,0.10834435503731268
742,-2733.422064665099,0,0.10802135568004205
743,-2728.964554827822,0,0.10769931925789399
744,-2730.5583538927244,0,0.10737824290013816
745,-2692.7174847243455,0,0.10705812374460255
746,-2748.438034148303,0,0.10673895893764793
747,-2741.3514211390934,0,0.10642074563414242
748,-2678.007989163948,0,0.10610348099743613
749,-2673.724309518027,0,0.10578716219933589
750,-2714.2488672942945,0,0.10547178642008
751,-2692.554441834907,0,0.10515735084831311
752,-2737.45558017227,0,0.10484385268106121
753,-2726.559697597964,0,0.10453128912370654
754,-2679.6456307604567,0,0.10421965738996278
755,-2793.9242624014737,0,0.10390895470185013
756,-2769.4210263650198,0,0.10359917828967063
757,-2726.2723288768984,0,0.10329032539198339
758,-2641.9174211136437,0,0.10298239325558002
759,-2713.6277235834045,0,0.10267537913546007
760,-2687.2983828381566,0,0.10236928029480657
761,-2692.8268374003205,0,0.10206409400496164
762,-2686.679979690568,0,0.10175981754540213
763,-2717.4352562344584,0,0.10145644820371541
764,-2724.609995392704,0,0.10115398327557518
765,-2644.626692776787,0,0.10085242006471733
766,-2747.445413199025,0,0.10055175588291596
767,-2699.6137330966035,0,0.10025198804995936
768,-2760.314562592933,0,0.09995311389362617
769,-2639.1190243309957,0,0.09965513074966154
770,-2691.8346452980973,0,0.09935803596175333
771,-2712.655070166931,0,0.09906182688150852
772,-2685.4543180729866,0,0.09876650086842956
773,-2689.3493297783452,0,0.09847205528989078
774,-2683.3715721902204,0,0.09817848752111502
775,-2830.237322646577,0,0.09788579494515015
776,-2692.748696715776,0,0.0975939749528458
777,-2719.559439210416,0,0.09730302494283005
778,-2653.474810008316,0,0.09701294232148629
779,-2655.384360066852,0,0.09672372450293006
780,-2776.403034892218,0,0.09643536890898602
781,-1572.4870531781442,1,0.09614787296916495
782,-2663.902409750318,0,0.09586123412064088
783,-2688.1613482348234,0,0.09557544980822817
784,-2713.0597460444455,0,0.09529051748435881
785,-1041.2657764957669,1,0.09500643460905964
786,-2741.00220292452,0,0.09472319864992976
787,-2623.3142504873067,0,0.09444080708211795
788,-2829.340071251375,0,0.09415925738830014
789,-2812.5017788076293,0,0.09387854705865696
790,-2742.8463265288688,0,0.09359867359085142
791,-2686.46401540281,0,0.09331963449000655
792,-1515.8253035006355,1,0.09304142726868318
793,-2680.182137380074,0,0.09276404944685779
794,-2727.4376656485465,0,0.09248749855190035
795,-2686.8305584322934,0,0.0922117721185523
796,-2682.966944721931,0,0.09193686768890462
797,-2603.347122256231,0,0.09166278281237585
798,-2765.76974581511,0,0.09138951504569028
799,-2681.9393047528,0,0.09111706195285617
800,-1196.7928469780704,1,0.09084542110514403
801,-2833.7781742325838,0,0.09057459008106496
802,-2719.433989983084,0,0.09030456646634909
803,-554.5352527502221,1,0.09003534785392402
804,-196.0025158552702,1,0.08976693184389341
805,-1609.076577740523,1,0.08949931604351553
806,-1162.1917497369006,1,0.089232498067182
807,-2374.2707468287845,0,0.08896647553639646
808,-269.12057923013595,1,0.0887012460797534
809,-2654.43288985801,0,0.088436807332917
810,-2720.440989618769,0,0.08817315693860009
811,-85.09583725373454,1,0.08791029254654309
812,-307.50493821059854,1,0.08764821181349311
813,-1558.3195759148205,1,0.087386912403183
814,-1583.1226385678412,1,0.08712639198631059
815,-251.89935522323321,1,0.08686664824051787
816,-2665.125673313022,0,0.08660767885037034
817,99.69186412312342,1,0.08634948150733629
818,-93.3175183522552,1,0.08609205390976633
819,356.1803089609274,1,0.08583539376287279
820,-916.8855893208856,1,0.08557949877870927
821,-2634.5276736672818,0,0.08532436667615029
822,-2803.6779569491187,0,0.08506999518087091
823,-744.8368937989585,1,0.0848163820253265
824,-1003.3560065890501,1,0.08456352494873247
825,-281.45714190535637,1,0.08431142169704416
826,-2699.1834582830065,0,0.08406007002293672
827,-2601.4208510583326,0,0.08380946768578512
828,-2764.0694448582167,0,0.08355961245164413
829,-61.85972383255887,1,0.08331050209322842
830,-157.44995342727623,1,0.08306213438989271
831,-618.6610403672515,1,0.08281450712761197
832,-771.6946447005278,1,0.0825676180989617
833,-2711.3746935789454,0,0.08232146510309821
834,-1423.256963352418,1,0.08207604594573906
835,-2672.6082403127984,0,0.08183135843914345
836,-508.26987122298146,1,0.08158740040209275
837,-2468.472765955581,0,0.08134416965987104
838,7.244259990901583,1,0.08110166404424572
839,-2790.011117243764,0,0.08085988139344819
840,-90.47131547233869,1,0.08061881955215458
841,-2731.706508563151,0,0.08037847637146653
842,-409.08260542841595,1,0.08013884970889204
843,-2615.2176763582042,0,0.07989993742832638
844,-465.94806316910876,1,0.07966173740003302
845,-1400.2819792536927,1,0.07942424750062468
846,-414.699749567572,1,0.07918746561304438
847,-2647.5428308480623,0,0.07895138962654656
848,-2692.0078823283534,0,0.07871601743667829
849,-2716.3450197933385,0,0.07848134694526049
850,-2806.837120270098,0,0.07824737606036923
851,127.71561915014388,1,0.07801410269631709
852,-2652.5443155688686,0,0.07778152477363456
853,-2586.0290153378,0,0.07754964021905153
854,-544.4753112795388,1,0.07731844696547874
855,-668.8909857936608,1,0.07708794295198941
856,-323.8853301139618,1,0.07685812612380087
857,-2618.7124788274264,0,0.07662899443225622
858,-2642.792980449808,0,0.07640054583480609
859,-2707.4227659339463,0,0.07617277829499038
860,-963.6455323740088,1,0.07594568978242018
861,-499.5613181072722,1,0.07571927827275964
862,144.93163314221044,1,0.07549354174770787
863,-2674.882512908609,0,0.07526847819498104
864,-1350.5258724987966,1,0.07504408560829441
865,-904.9045328686927,1,0.0748203619873444
866,-518.3184010534442,1,0.07459730533779081
867,-313.51636199423115,1,0.07437491367123901
868,-2643.5518515689632,0,0.07415318500522225
869,-2616.226042708081,0,0.07393211736318397
870,-1392.5291673393629,1,0.07371170877446016
871,-274.3318084231946,1,0.07349195727426183
872,-404.36568727181884,1,0.07327286090365745
873,-90.15387977422051,1,0.07305441770955554
874,-2861.299382935139,0,0.07283662574468722
875,-2699.0935852839775,0,0.07261948306758888
876,-908.3817903002168,1,0.07240298774258483
877,-2675.438104917318,0,0.0721871378397701
878,-2831.420861502924,0,0.0719719314349932
879,-1338.1442459263035,1,0.07175736660983896
880,186.1998371951761,1,0.07154344145161148
881,-88.3377412765791,1,0.07133015405331702
882,-873.5239486738119,1,0.07111750251364703
883,-2686.611733394533,0,0.0709054849369612
884,-97.37169677347606,1,0.07069409943327054
885,-703.2043530811136,1,0.07048334411822059
886,-471.8019549734777,1,0.07027321711307455
887,-802.676887257657,1,0.07006371654469656
888,-725.7539533415425,1,0.06985484054553505
889,-911.9333529352941,1,0.069646587253606
890,145.48323074183156,1,0.0694389548124764
891,-700.2044020938279,1,0.06923194137124773
892,-2706.301716060127,0,0.0690255450845394
893,-1157.3418110968887,1,0.0688197641124723
894,-551.2276425987491,1,0.06861459662065245
895,-794.7208188007951,1,0.0684100407801546
896,-741.2723657747081,1,0.06820609476750597
897,-129.73581437817222,1,0.06800275676466995
898,-544.6807503200582,1,0.06780002495902991
899,-237.85840936263435,1,0.06759789754337307
900,-252.3644821373066,1,0.06739637271587434
901,-352.0074741076346,1,0.0671954486800803
902,-2615.8849698916747,0,0.06699512364489316
903,-1331.7689081944204,1,0.0667953958245548
904,-2719.020328698881,0,0.06659626343863088
905,-2645.8011471688387,0,0.06639772471199491
906,133.4133464419507,1,0.06619977787481247
907,-973.1864391364959,1,0.06600242116252544
908,-1162.162489973995,1,0.06580565281583622
909,-1120.4949887681948,1,0.06560947108069211
910,-1224.891878043153,1,0.06541387420826962
911,-662.7673774845006,1,0.06521886045495892
912,151.13710803439847,1,0.06502442808234828
913,-1619.2327611125054,1,0.06483057535720856
914,-293.77094747763203,1,0.06463730055147777
915,-1166.6587519094355,1,0.0644446019422457
916,-1024.1683533421374,1,0.0642524778117385
917,-1310.3579871667932,1,0.0640609264473034
918,-2742.7378077213943,0,0.06386994614139348
919,15.632212884066917,1,0.06367953519155234
920,-866.6216396096736,1,0.06348969190039905
921,-1307.7267511064088,1,0.06330041457561293
922,-1146.893831535297,1,0.06311170152991852
923,-2605.457159755693,0,0.06292355108107049
924,-2692.653678522941,0,0.0627359615518387
925,-213.15127184611697,1,0.0625489312699932
926,-739.8619123869942,1,0.06236245856828931
927,-777.5130347563427,1,0.06217654178445284
928,158.071334669321,1,0.061991179261165194
929,-281.3217920519055,1,0.06180636934604863
930,-260.36944783514673,1,0.06162211039165151
931,-1191.0185113049859,1,0.06143840075543365
932,-2715.0282519853595,0,0.061255238799751636
933,-2629.551573901073,0,0.06107262289184425
934,-86.18984197607449,1,0.06089055140381791
935,-2665.184267369942,0,0.06070902271263216
936,15.30324941656454,1,0.0605280352000852
937,-645.2113281030579,1,0.06034758725279945
938,-472.23558738692054,1,0.06016767726220719
939,-495.11894946215534,1,0.0599883036245362
940,-323.3062764298943,1,0.05980946474079549
941,-1213.7077324265042,1,0.059631159016761
942,-918.5886745478185,1,0.05945338486296144
943,-1346.335285202995,1,0.0592761406946641
944,-102.13713659734469,1,0.05909942493186071
945,-2659.435353663338,0,0.05892323599925337
946,320.07301571281783,1,0.058747572326240505
947,-915.872244692477,1,0.058572432346902854
948,-38.158226802243234,1,0.05839781449998954
949,129.6084868468447,1,0.05822371722890412
950,-1417.66783858559,1,0.058050138981690716
951,-735.4436826087804,1,0.0578770782110202
952,-2674.458367912304,0,0.05770453337417638
953,-2645.3205060940168,0,0.05753250293304226
954,-106.39788956194604,1,0.05736098535408631
955,-206.85212196682255,1,0.057189979108348825
956,-470.64737571817204,1,0.05701948267142827
957,118.67821035837926,1,0.0568494945234677
958,-276.32654615462275,1,0.056680013149141215
959,-2749.632107315461,0,0.056511037037640446
960,-2676.390832447041,0,0.0563425646826611
961,-2646.9240040665936,0,0.056174594582389506
962,-67.18933812293471,1,0.05600712523948925
963,-926.1082575433495,1,0.05584015516108784
964,-1224.111880178853,1,0.05567368285876335
965,-253.35140304587173,1,0.05550770684853119
966,182.44789985452735,1,0.05534222565083088
967,-651.7446337442068,1,0.05517723779051283
968,-742.7051737011438,1,0.055012741796825235
969,-9.479691039594172,1,0.054848736203400916
970,-2598.040738316215,0,0.05468521954824428
971,-312.9255261168464,1,0.05452219037371826
972,-1629.2597395575365,1,0.054359647226531374
973,-2645.7185997103406,0,0.05419758865772471
974,-583.336671926274,1,0.054036013222659045
975,-715.0251010138493,1,0.05387491948100194
976,18.726607698149337,1,0.05371430599671494
977,-315.1789902759108,1,0.05355417133804073
978,-2721.972929991519,0,0.053394514077490414
979,166.940563311422,1,0.05323533279183074
980,-2711.3714832894375,0,0.05307662606207147
981,-2612.2866522189142,0,0.052918392473452674
982,-2685.4367952118846,0,0.052760630615432166
983,-1673.5659410461928,1,0.0526033390816729
984,-2675.6157917544406,0,0.05244651647003044
985,-294.90640941853974,1,0.052290161382540466
986,-2677.453451603994,0,0.052134272425406324
987,-2621.804985550345,0,0.051978848208986565
988,-65.58298883474049,1,0.0518238873477826
989,-674.72696777388,1,0.05166938846042631
990,-2682.142315293651,0,0.05151535016966777
991,-246.52933089724866,1,0.05136177110236293
992,-744.451401941177,1,0.05120864988946142
993,-13.710054336781127,1,0.05105598516599432
994,-22.417419142125595,1,0.05090377557106198
995,-314.3796172977659,1,0.05075201974782191
996,-1128.2891274489216,1,0.05060071634347669
997,-634.4933950765025,1,0.05044986400926188
998,-94.34880490602814,1,0.05029946140043403
999,-2675.940318580251,0,0.05014950717625868
1000,143.90854792685752,1,0.05
